CATEGORY,OVERALL_CATEGORY
CLEANING_AGENT,Home & Living
LABEL,Specialty Categories
VIDEO_PROJECTOR,Electronics & Media
SHOES,Fashion & Accessories
UNDERGARMENT_THIGH_SLIMMER,Fashion & Accessories
PRETZEL,Food & Grocery
INKJET_PRINTER_INK,Specialty Categories
ELECTRONIC_GIFT_CARD,Gifts & Occasions
BACKPACK,Fashion & Accessories
SHIRT,Fashion & Accessories
GIFT_CARD,Gifts & Occasions
PET_FOOD,Specialty Categories
STORAGE_BOX,Home & Living
MAJOR_HOME_APPLIANCES,Home & Living
MEDICATION,Health & Personal Care
SHEET_PAN,Home & Living
THERMOPLASTIC_FILAMENT,Entertainment & Hobbies
BLANKET,Home & Living
MINERAL_SUPPLEMENT,Health & Personal Care
CORD_MANAGEMENT_COVER,Home & Living
ABIS_BOOK,Entertainment & Hobbies
HAIR_TIE,Health & Personal Care
PET_SUPPLIES,Specialty Categories
COSTUME_HEADWEAR,Fashion & Accessories
FORK,Home & Living
APPAREL_GLOVES,Fashion & Accessories
BEAUTY,Health & Personal Care
PHYSICAL_VIDEO_GAME_SOFTWARE,Electronics & Media
WALL_ART,Home & Living
NA,
FERTILIZER,Home & Living
DAIRY_BASED_ICE_CREAM,Food & Grocery
FLAVORED_DRINK_CONCENTRATE,Food & Grocery
DRESS,Fashion & Accessories
CHOCOLATE_CANDY,Food & Grocery
WRITING_INSTRUMENT,Specialty Categories
MAKEUP_PRIMER,Health & Personal Care
INSTRUMENT_PARTS_AND_ACCESSORIES,Entertainment & Hobbies
PROTEIN_SUPPLEMENT_POWDER,Health & Personal Care
COFFEE,Food & Grocery
NIGHTGOWN_NIGHTSHIRT,Fashion & Accessories
VEGETABLE,Food & Grocery
WIG,Fashion & Accessories
SPRAY_BOTTLE,Home & Living
HOME_MIRROR,Home & Living
MENSTRUAL_CUP,Health & Personal Care
RUG,Home & Living
TOWEL,Home & Living
FRUIT,Food & Grocery
WOUND_DRESSING,Health & Personal Care
PET_TOY,Specialty Categories
ELECTRONIC_ADAPTER,Electronics & Media
SANITARY_NAPKIN,Health & Personal Care
CHARGING_ADAPTER,Electronics & Media
BABY_PRODUCT,Specialty Categories
PHYSICAL_MOVIE,Electronics & Media
TOOTHBRUSH,Health & Personal Care
COSMETIC_BRUSH,Health & Personal Care
COMPUTER_INPUT_DEVICE,Electronics & Media
HOME_BED_AND_BATH,Home & Living
NETWORKING_ROUTER,Electronics & Media
PET_APPAREL,Specialty Categories
SNACK_FOOD_BAR,Food & Grocery
TOOTH_CLEANING_AGENT,Health & Personal Care
LAB_SUPPLY,Specialty Categories
SPORTING_GOODS,Sports & Outdoors
DECORATIVE_PILLOW_COVER,Home & Living
DAIRY_BASED_DRINK,Food & Grocery
SHORTS,Fashion & Accessories
DOLL_CLOTHING,Entertainment & Hobbies
TEA,Food & Grocery
BRA,Fashion & Accessories
WALLET,Fashion & Accessories
CELLULAR_PHONE_CASE,Electronics & Media
UNDERPANTS,Fashion & Accessories
DRILL,Home & Living
ADHESIVE_TAPES,Specialty Categories
KNIFE_SHARPENER,Home & Living
MEDICAL_COMPRESSION_GARMENT,Health & Personal Care
GROCERY,Food & Grocery
APRON,Home & Living
TAPE_MEASURE,Home & Living
SUGAR_CANDY,Food & Grocery
HEALTH_PERSONAL_CARE,Health & Personal Care
PANTS,Fashion & Accessories
ABIS_MUSIC,Electronics & Media
OUTDOOR_LIVING,Home & Living
OFFICE_PRODUCTS,Specialty Categories
WATER_PUMP,Home & Living
SKIN_TREATMENT_MASK,Health & Personal Care
ELECTROSHOCK_WEAPON,Health & Personal Care
CRACKER,Food & Grocery
BODY_DEODORANT,Health & Personal Care
DAIRY_BASED_CHEESE,Food & Grocery
SEEDS_AND_PLANTS,Home & Living
DRILL_BITS,Home & Living
BAKING_PAPER,Home & Living
CANDY,Food & Grocery
TEETHER,Specialty Categories
SWIMWEAR,Fashion & Accessories
TIGHTS,Fashion & Accessories
PREPARED_DOUGH,Food & Grocery
ROBE,Fashion & Accessories
SHAVING_AGENT,Health & Personal Care
INCONTINENCE_PROTECTOR,Health & Personal Care
THERMOMETER,Health & Personal Care
PUFFED_SNACK,Food & Grocery
BLOOD_PRESSURE_MONITOR,Health & Personal Care
CADDY,Home & Living
SOLAR_PANEL,Home & Living
CONDITIONER,Health & Personal Care
FISH,Food & Grocery
VALVE,Home & Living
BATTERY,Electronics & Media
COAT,Fashion & Accessories
BOARD_GAME,Entertainment & Hobbies
NUTRITIONAL_SUPPLEMENT,Health & Personal Care
CAMERA_TRIPOD,Electronics & Media
LIGHT_BULB,Home & Living
TOYS_AND_GAMES,Entertainment & Hobbies
VITAMIN,Health & Personal Care
DUMBBELL,Health & Personal Care
DRINK_FLAVORED,Food & Grocery
ART_CRAFT_KIT,Entertainment & Hobbies
STICKER_DECAL,Specialty Categories
SKIN_CLEANING_WIPE,Home & Living
SHELF,Home & Living
HAIR_COMB,Health & Personal Care
SAFETY_MASK,Health & Personal Care
FOOD,Food & Grocery
HAIR_STYLING_AGENT,Health & Personal Care
ELECTRIC_SHAVER,Health & Personal Care
BATHWATER_ADDITIVE,Health & Personal Care
FOOD_STORAGE_BAG,Home & Living
GIFT_WRAP,Gifts & Occasions
BED_LINEN_SET,Home & Living
NAIL_POLISH,Health & Personal Care
KITCHEN,Home & Living
RICE_MIX,Food & Grocery
PUZZLES,Entertainment & Hobbies
SKIN_CLEANING_AGENT,Health & Personal Care
TOOLS,Home & Living
BOOK_DOCUMENT_STAND,Specialty Categories
SCREWDRIVER,Home & Living
BREAD,Food & Grocery
WIPER_BLADE,Specialty Categories
FILE_FOLDER,Specialty Categories
CUP_HOLDER,Specialty Categories
CELL_PHONE_GRIP,Electronics & Media
MEAT,Food & Grocery
TRASH_CAN,Home & Living
TABLETOP_GAME,Entertainment & Hobbies
THICKENING_AGENT,Food & Grocery
BRACELET,Fashion & Accessories
COMPUTER_DRIVE_OR_STORAGE,Electronics & Media
BAKING_PAN,Home & Living
ELECTRIC_FAN,Home & Living
POWER_BANK,Electronics & Media
SKIN_EXFOLIANT,Health & Personal Care
HEADPHONES,Electronics & Media
SHAMPOO,Health & Personal Care
PAJAMAS,Fashion & Accessories
SCREEN_PROTECTOR,Electronics & Media
MEAL_HOLDER,Home & Living
COSMETIC_CASE,Health & Personal Care
HAIR_TRIMMER,Health & Personal Care
LIP_BALM,Health & Personal Care
STAPLER,Specialty Categories
HOME,Home & Living
CARRIER_BAG_CASE,Fashion & Accessories
POWER_STRIP,Electronics & Media
POTABLE_WATER_FILTER,Home & Living
HAIR_EXTENSION,Health & Personal Care
WATER_FLOTATION_DEVICE,Sports & Outdoors
ELECTRONIC_CABLE,Electronics & Media
PILLOW_PROTECTOR,Home & Living
ANIMAL_WATER_DISPENSER,Specialty Categories
HAIR_TRIMMING_KIT,Health & Personal Care
VIDEO_GAME_CONTROLLER,Electronics & Media
BREAKFAST_CEREAL,Food & Grocery
STRING_LIGHT,Home & Living
HAIR_BRUSH,Health & Personal Care
EXERCISE_MAT,Health & Personal Care
PILLOW,Home & Living
SCISSORS,Specialty Categories
CONTAINER_LID,Home & Living
DIGITAL_DEVICE_3,Electronics & Media
VDO_DEVICES,Electronics & Media
TOOTHBRUSH_HOLDER,Health & Personal Care
MULTIPORT_HUB,Electronics & Media
DOWNLOADABLE_VIDEO_GAME,Electronics & Media
WIND_CHIME,Home & Living
MECHANICAL_LIGHTER,Home & Living
HANGING_ORNAMENT,Home & Living
SKIN_MOISTURIZER,Health & Personal Care
FIRE_SCREEN,Home & Living
SKIN_FOUNDATION_CONCEALER,Health & Personal Care
CAKE_TOPPER,Food & Grocery
ANIMAL_HARNESS,Specialty Categories
SNACK_CHIP_AND_CRISP,Food & Grocery
POULTRY,Food & Grocery
MARKING_PEN,Specialty Categories
WASTE_BAG,Home & Living
BOXING_GLOVE,Sports & Outdoors
LIP_COLOR,Health & Personal Care
DAIRY_BASED_PUDDING,Food & Grocery
PORTABLE_ELECTRONIC_DEVICE_COVER,Electronics & Media
NUT_AND_SEED,Food & Grocery
TOPICAL_HAIR_REGROWTH_TREATMENT,Health & Personal Care
HERBAL_SUPPLEMENT,Health & Personal Care
WATCH_BAND,Fashion & Accessories
LAB_CHEMICAL,Specialty Categories
EARMUFF,Fashion & Accessories
SOUND_AND_RECORDING_EQUIPMENT,Electronics & Media
EDIBLE_OIL_VEGETABLE,Food & Grocery
WAIST_CINCHER,Fashion & Accessories
SWEATSHIRT,Fashion & Accessories
THERMOS,Home & Living
DISHWASHER_DETERGENT,Home & Living
TABLECLOTH,Home & Living
FOOD_COLORING,Food & Grocery
ANIMAL_COLLAR,Specialty Categories
POPCORN,Food & Grocery
STORAGE_BINDER,Specialty Categories
DISHWARE_PLACE_SETTING,Home & Living
NUT_BUTTER,Food & Grocery
WEATHER_STRIPPING,Home & Living
WHISK_UTENSIL,Home & Living
PAPER_TOWEL,Home & Living
CARD_STOCK,Specialty Categories
HARDWARE_TUBING,Home & Living
HVAC_AIR_FILTER,Home & Living
FOOD_STORAGE_CONTAINER,Home & Living
DRINKING_CUP,Home & Living
TOY_FIGURE,Entertainment & Hobbies
INPUT_MOUSE,Electronics & Media
ANIMAL_CAGE,Specialty Categories
LIQUID_INK,Specialty Categories
MOUNT_BRACKET,Home & Living
PAINT,Home & Living
GARDEN_SHEAR_SCISSORS,Home & Living
MICROPHONE_STAND,Electronics & Media
RING,Fashion & Accessories
SANDAL,Fashion & Accessories
PORTABLE_VIDEO_DISC_PLAYER,Electronics & Media
CONDOM,Health & Personal Care
OUTDOOR_RECREATION_PRODUCT,Sports & Outdoors
MECHANICAL_FASTENERS,Home & Living
FRUIT_SNACK,Food & Grocery
TWEEZER,Health & Personal Care
CANNED_AIR,Specialty Categories
SOCKS,Fashion & Accessories
DISHWARE_BOWL,Home & Living
NETWORK_INTERFACE_CONTROLLER_ADAPTER,Electronics & Media
SAUCE,Food & Grocery
ABRASIVE_WHEELS,Home & Living
EARRING,Fashion & Accessories
GOLF_CLUB,Sports & Outdoors
WALLPAPER,Home & Living
WILDLIFE_FEEDER,Home & Living
ART_SUPPLIES,Entertainment & Hobbies
MACHINE_LUBRICANT,Home & Living
CARGO_NET,Specialty Categories
SAUTE_FRY_PAN,Home & Living
CONSOLE_VIDEO_GAMES,Electronics & Media
BLAZER,Fashion & Accessories
TOY_VEHICLE_SET,Entertainment & Hobbies
STORAGE_BAG,Home & Living
LAMP,Home & Living
ASTRINGENT_SUBSTANCE,Health & Personal Care
BAKING_CHOCOLATE,Food & Grocery
GAMING_EQUIPMENT_ENCLOSURE,Electronics & Media
NOODLE,Food & Grocery
WIRELESS_ACCESSORY,Electronics & Media
EYELID_COLOR,Health & Personal Care
CUTTING_BOARD,Home & Living
FURNITURE_LEG,Home & Living
MASSAGER,Health & Personal Care
HIP_FLASK,Home & Living
BASKET,Home & Living
SALAD_DRESSING,Food & Grocery
PROFESSIONAL_HEALTHCARE,Health & Personal Care
NECKLACE,Fashion & Accessories
DYE,Entertainment & Hobbies
BED_FRAME,Home & Living
RADIO,Electronics & Media
SEWING_PATTERN,Entertainment & Hobbies
PESTICIDE,Home & Living
COSTUME_OUTFIT,Fashion & Accessories
ABIS_GIFT_CARD,Gifts & Occasions
BEDDING_SET,Home & Living
SKIN_CARE_AGENT,Health & Personal Care
MASCARA,Health & Personal Care
SUITCASE,Fashion & Accessories
NON_RIDING_TOY_VEHICLE,Entertainment & Hobbies
UTILITY_SPONGE,Home & Living
SLEEP_MASK,Health & Personal Care
PLUG_STOPPER,Home & Living
SECURITY_CAMERA,Electronics & Media
APPAREL_HEAD_NECK_COVERING,Fashion & Accessories
PACKAGED_SOUP_AND_STEW,Food & Grocery
PEST_CONTROL_DEVICE,Home & Living
TABLE,Home & Living
WEIGH_SCALE,Home & Living
VEHICLE_LIGHT_BULB,Specialty Categories
TOILET_PAPER,Home & Living
RESPIRATOR,Health & Personal Care
TREE_SKIRT,Home & Living
KEYCHAIN,Fashion & Accessories
FLOUR,Food & Grocery
HEAT_SINK,Electronics & Media
STEAM_CLEANER,Home & Living
LEASH,Specialty Categories
OFFICE_ELECTRONICS,Specialty Categories
LOCK,Home & Living
BONDING_ADHESIVES,Home & Living
AIR_PURIFIER,Home & Living
ART_AND_CRAFT_SUPPLY,Entertainment & Hobbies
COFFEE_MAKER,Home & Living
LAUNDRY_DETERGENT,Home & Living
LIGHT_FIXTURE,Home & Living
AMAZON_BOOK_READER,Electronics & Media
AMAZON_TABLET_ACCESSORY,Electronics & Media
DIGITAL_DEVICE_3_ACCESSORY,Electronics & Media
HAT,Fashion & Accessories
CLEANING_BRUSH,Home & Living
CAMERA_SUPPORT,Electronics & Media
INSULATION,Home & Living
ANIMAL_LITTER,Specialty Categories
STANDALONE_STREAMING_MEDIA_PLAYER,Electronics & Media
SYRINGE,Health & Personal Care
UNDERWEAR,Fashion & Accessories
HERB,Food & Grocery
ELECTRIC_HEATING_PAD,Health & Personal Care
ANTI_FATIGUE_FLOOR_MAT,Home & Living
AV_SIGNAL_SWITCH,Electronics & Media
ABIS_DVD,Electronics & Media
FOOD_SHAKER,Home & Living
FALSE_NAIL,Health & Personal Care
PERSONAL_FRAGRANCE,Health & Personal Care
FLASHLIGHT,Home & Living
PET_BED_MAT,Specialty Categories
DAIRY_BASED_YOGURT,Food & Grocery
GARLIC_PRESS,Home & Living
WHEEL_CUTTER,Home & Living
ANIMAL_PERCH,Specialty Categories
SPORT_HELMET,Sports & Outdoors
MUSICAL_INSTRUMENT_TOY,Entertainment & Hobbies
YARN,Entertainment & Hobbies
ITEM_STAND,Home & Living
CURTAIN,Home & Living
HARDWARE_HANDLE,Home & Living
WINDOW_FILM,Home & Living
SIGNAGE,Home & Living
MANUAL_SHAVING_RAZOR,Health & Personal Care
WATER,Food & Grocery
ESSENTIAL_OIL,Health & Personal Care
NON_DAIRY_CREAM,Food & Grocery
INCENSE_HOLDER,Home & Living
SEWING_MACHINE,Home & Living
PET_PLAYPEN,Specialty Categories
BREAST_PUMP,Specialty Categories
BATTERY_CHARGER,Electronics & Media
RAZOR_BLADE_CARTRIDGE,Health & Personal Care
FLAT_SCREEN_DISPLAY_MOUNT,Electronics & Media
BLADED_FOOD_PEELER,Home & Living
PET_ACTIVITY_STRUCTURE,Specialty Categories
CHARM,Fashion & Accessories
FIDGET_TOY,Entertainment & Hobbies
ELECTRICAL_PLUG,Home & Living
SAFETY_GLASSES,Home & Living
GLITTER,Entertainment & Hobbies
TOOTHBRUSH_HEAD,Health & Personal Care
BAR_CODE_READER,Specialty Categories
FOOD_WRAP,Home & Living
DRINK_COASTER,Home & Living
TAMPON,Health & Personal Care
SHIN_GUARD,Sports & Outdoors
SOIL,Home & Living
APPAREL,Fashion & Accessories
BAKING_MIX,Food & Grocery
WAIST_PACK,Fashion & Accessories
MONITOR,Electronics & Media
CONCENTRATED_FLAVORING_SUBSTANCE,Food & Grocery
FIGURINE,Home & Living
PLANT_SEED,Home & Living
ONE_PIECE_OUTFIT,Fashion & Accessories
SHOE_ACCESSORY,Fashion & Accessories
SIM_CARD,Electronics & Media
COUNTERTOP_FOOD_STEAMER,Home & Living
FURNITURE,Home & Living
ROLLING_PAPER,Specialty Categories
BOOT,Fashion & Accessories
COMPUTER_COOLING_DEVICE,Electronics & Media
PHYSICAL_TV_SERIES,Electronics & Media
HAIR_IRON,Health & Personal Care
KEYBOARD_MOUSE_SET,Electronics & Media
CARD_DOCUMENT_SLEEVE,Specialty Categories
CONDIMENT,Food & Grocery
WRITING_BOARD,Specialty Categories
FASTENER_DRIVE_BIT,Home & Living
CLOCK,Home & Living
SKIN_BLEMISH_REMOVAL_TOOL,Health & Personal Care
LEOTARD,Fashion & Accessories
HANGING_MOBILE,Specialty Categories
FLASH_MEMORY,Electronics & Media
INSECT_REPELLENT,Home & Living
DISPOSABLE_INCONTINENCE_SURFACE_PROTECTOR,Health & Personal Care
SURFACE_CLEANING_WIPE,Home & Living
CANDLE,Home & Living
FLASH_DRIVE,Electronics & Media
BODY_LUBRICANT,Health & Personal Care
PROTECTIVE_GLOVE,Home & Living
WRIST_REST,Specialty Categories
CROCHET_HOOK,Entertainment & Hobbies
KEYBOARDS,Electronics & Media
LEGUME,Food & Grocery
MILK_SUBSTITUTE,Food & Grocery
SWEATER,Fashion & Accessories
PLUMBING_FIXTURE,Home & Living
COOKIE_CUTTER,Home & Living
MATTRESS,Home & Living
TEMPORARY_GATE,Specialty Categories
TOTE_BAG,Fashion & Accessories
AUTO_ACCESSORY,Specialty Categories
UTILITY_KNIFE,Home & Living
BLANK_BOOK,Entertainment & Hobbies
PENCIL_SHARPENER,Specialty Categories
IRONING_BOARD,Home & Living
WALL_PLATE,Home & Living
OTTOMAN,Home & Living
FALSE_EYELASH,Health & Personal Care
KITCHEN_KNIFE,Home & Living
CE_ACCESSORY,Electronics & Media
CULINARY_SALT,Food & Grocery
SANDER,Home & Living
SURVIVAL_KIT,Home & Living
JERKY,Food & Grocery
PICTURE_FRAME,Home & Living
COMPUTER,Electronics & Media
ADVENT_CALENDAR,Gifts & Occasions
BOOKS_1973_AND_LATER,Entertainment & Hobbies
SLIPPER,Fashion & Accessories
LITTER_BOX,Specialty Categories
ICE_CUBE_TRAY,Home & Living
WATER_PLAY_SPRINKLER,Home & Living
FAUCET,Home & Living
ACCESSORY,
BLOOD_OXYGEN_MONITOR,Health & Personal Care
RECREATION_BALL,Sports & Outdoors
BINOCULAR,Specialty Categories
SCREWS,Home & Living
HOME_LIGHTING_ACCESSORY,Home & Living
BARBECUE_TOOL_SET,Home & Living
DESK,Home & Living
TIRE_VALVE_STEM_CAP,Specialty Categories
SNACK_MIX,Food & Grocery
ELECTRIC_LIGHT,Home & Living
SKIN_SERUM,Health & Personal Care
COOKIE,Food & Grocery
PIERCING_JEWELRY,Fashion & Accessories
CLOTHES_HANGER,Home & Living
MATERIAL_HANDLING_TRUCK,Home & Living
PORTABLE_ELECTRONIC_DEVICE_MOUNT,Electronics & Media
BUILDING_MATERIAL,Home & Living
INPUT_PEN,Electronics & Media
VACUUM_FILTER,Home & Living
FOOD_BLENDER,Home & Living
TOY_BUILDING_BLOCK,Entertainment & Hobbies
DIGITAL_DEVICE_4,Electronics & Media
BODY_CARE_PRODUCT,Health & Personal Care
ELECTRONIC_COMPONENT_FAN,Electronics & Media
SUNGLASSES,Fashion & Accessories
ASHTRAY,Home & Living
FACIAL_TISSUE,Home & Living
GOLF_PRACTICE_MAT,Sports & Outdoors
APPAREL_BELT,Fashion & Accessories
COLLECTIBLE_CARD,Entertainment & Hobbies
SEASONING,Food & Grocery
TUNIC,Fashion & Accessories
ANIMAL_NUTRITIONAL_SUPPLEMENT,Specialty Categories
MULTITOOL,Home & Living
ELECTRONIC_COMPONENT_TERMINAL,Electronics & Media
MILK_FROTHER,Home & Living
PRETEND_PLAY_TOY,Entertainment & Hobbies
SKIRT,Fashion & Accessories
ORTHOPEDIC_BRACE,Health & Personal Care
LAUNDRY_HAMPER,Home & Living
SUGAR_SUBSTITUTE,Food & Grocery
JEWELRY_FINDING,Fashion & Accessories
JUICE_AND_JUICE_DRINK,Food & Grocery
BALLOON,Gifts & Occasions
POWER_CONVERTER,Electronics & Media
VEHICLE_SEAT_COVER,Specialty Categories
STORAGE_HOOK,Home & Living
COTTON_PAD,Health & Personal Care
TRADING_CARDS_MISC_TRADING_CARDS,Entertainment & Hobbies
MEASURING_CUP,Home & Living
PERSONAL_PILL_DISPENSER,Health & Personal Care
WRENCH,Home & Living
PEN_MARKER_INK_CARTRIDGE_REFILL,Specialty Categories
COOKING_CONTAINER,Home & Living
CHAIR,Home & Living
PLANTER,Home & Living
HAIRBAND,Health & Personal Care
BOTTLE,Home & Living
BODY_POSITIONER,Specialty Categories
MUSICAL_INSTRUMENTS,Entertainment & Hobbies
DIGITAL_DEVICE_5_ACCESSORY,Electronics & Media
HANGING_ROD,Home & Living
SUNSCREEN,Health & Personal Care
HAIR_COLORING_AGENT,Health & Personal Care
CHOPSTICK,Home & Living
TILE,Home & Living
MICROPHONE,Electronics & Media
DECORATIVE_MAGNET,Home & Living
SPORT_FACE_MASK,Sports & Outdoors
DIMENSIONAL_MEASUREMENT_CALIPER,Home & Living
SPEAKERS,Electronics & Media
PET_PEST_CONTROL,Specialty Categories
REMOTE_CONTROL,Electronics & Media
AUTO_PART,Specialty Categories
MINIATURE_TOY_BUILDING,Entertainment & Hobbies
HOSE_PIPE_FITTING,Home & Living
AIR_MATTRESS,Home & Living
EGG,Food & Grocery
HAIR_CLEANER_CONDITIONER,Health & Personal Care
PORTABLE_ELECTRONIC_DEVICE_STAND,Electronics & Media
DECORATIVE_SIGNAGE,Home & Living
MATTRESS_COVER,Home & Living
WIRELESS_AUDIO_ADAPTER,Electronics & Media
DRINKING_STRAW,Home & Living
SHOVEL_SPADE,Home & Living
ELECTRIC_FOOD_MILL_GRINDER,Home & Living
JUICER,Home & Living
AUTO_KEY_SHELL,Specialty Categories
SYSTEM_POWER_DEVICE,Electronics & Media
STEERING_WHEEL_COVER,Specialty Categories
PARTY_SUPPLIES,Gifts & Occasions
PAINT_BRUSH,Entertainment & Hobbies
POWER_CORD,Electronics & Media
RAW_MATERIALS,Entertainment & Hobbies
TOILET_SEAT,Home & Living
PILLOWCASE,Home & Living
ELECTRONIC_DEVICE_SKIN,Electronics & Media
POT_HOLDER,Home & Living
TRAY,Home & Living
RICE_COOKERS,Home & Living
DRYING_RACK,Home & Living
INDUSTRIAL_CASTERS,Home & Living
TRACK_SUIT,Fashion & Accessories
PINBOARD,Specialty Categories
BOOKEND,Specialty Categories
SPORT_ACTIVITY_GLOVE,Sports & Outdoors
TABLET_COMPUTER,Electronics & Media
COSMETIC_NAIL_SET,Health & Personal Care
HAIR_CLIP,Health & Personal Care
SWIM_FIN,Sports & Outdoors
ELECTRONIC_SENSOR,Electronics & Media
COOKWARE,Home & Living
HOME_LIGHTING_AND_LAMPS,Home & Living
PALETTE_PUTTY_KNIFE,Home & Living
PET_FEEDER,Specialty Categories
GAME_DICE,Entertainment & Hobbies
AIR_FRYER,Home & Living
HOBBIES,
FUSE,Electronics & Media
ROLLER_SKATE,Entertainment & Hobbies
BABY_SEAT,Specialty Categories
ABRASIVES,Home & Living
MICROSCOPES,Specialty Categories
FABRIC_SOFTENER,Home & Living
BODY_STRAP,Health & Personal Care
RIDE_ON_TOY,Entertainment & Hobbies
FOOD_MIXER,Home & Living
BASE_LAYER_APPAREL_SET,Fashion & Accessories
REFRIGERATOR,Home & Living
POOL_SPA_WATER_TREATMENT,Home & Living
AROMA_DIFFUSER,Home & Living
PACKING_MATERIAL,Home & Living
DISHWARE_PLATE,Home & Living
HOUSEHOLD_STAIN,Home & Living
SHOELACE,Fashion & Accessories
OIL_FILTER,Specialty Categories
ABIS_DOWNLOADABLE_SOFTWARE,Electronics & Media
HAIR_CARE_AGENT,Health & Personal Care
HANDBAG,Fashion & Accessories
AREA_DEODORIZER,Home & Living
SURFACE_PROTECTION_WAX,Specialty Categories
BOOKMARK,Specialty Categories
ERASER,Specialty Categories
HEADPHONE_EARPAD,Electronics & Media
BREAST_PETAL,Health & Personal Care
STORAGE_RACK,Home & Living
NAIL_POWDER,Health & Personal Care
MOUTHWASH,Health & Personal Care
SPORT_EQUIPMENT_BAG_CASE,Sports & Outdoors
DIETARY_SUPPLEMENTS,Health & Personal Care
VEHICLE_WIND_DEFLECTOR,Specialty Categories
SUGAR,Food & Grocery
KNIFE_BLOCK_SET,Home & Living
NAIL_CLIPPER,Health & Personal Care
SEWING_BUTTON,Entertainment & Hobbies
ROTATING_TRAY,Home & Living
ELECTRONIC_SWITCH,Electronics & Media
SHOE_INSERT,Fashion & Accessories
TOOTH_WHITENER,Health & Personal Care
UMBRELLA,Fashion & Accessories
TASK_TRAY,Specialty Categories
PRINT_COPY_PAPER,Specialty Categories
CHAINSAW_CHAIN,Home & Living
DRAIN_OPENER_SUBSTANCE,Home & Living
ENEMA_DOUCHE,Health & Personal Care
UTILITY_HOLSTER_POUCH,Home & Living
HARD_DRIVE_ENCLOSURE,Electronics & Media
CAKE,Food & Grocery
CORRECTIVE_EYEGLASSES,Health & Personal Care
TRACTION_CLEAT,Fashion & Accessories
COSTUME_MASK,Fashion & Accessories
FOOD_PROCESSOR,Home & Living
SCULPTING_MATERIAL,Entertainment & Hobbies
CONSUMER_ELECTRONICS,Electronics & Media
FOOTWEAR_CARE_KIT,Fashion & Accessories
SUIT,Fashion & Accessories
VIDEO_GAME_CONSOLE,Electronics & Media
INTERNAL_MEMORY,Electronics & Media
AUTO_OIL,Specialty Categories
COORDINATED_OUTFIT,Fashion & Accessories
FABRIC,Entertainment & Hobbies
ANIMAL_INCONTINENCE_PROTECTOR,Specialty Categories
EXERCISE_BAND,Health & Personal Care
TOY_GUN,Entertainment & Hobbies
PRESSURE_COOKER,Home & Living
MAKE_UP,Health & Personal Care
WEED_MOSS_CONTROL_AGENT,Home & Living
FITTED_SHEET,Home & Living
PITCHER,Home & Living
SYRUP,Food & Grocery
SPOON,Home & Living
CALENDAR,Specialty Categories
TEMPLATE_STENCIL,Entertainment & Hobbies
MEDICAL_TEST_STRIP,Health & Personal Care
SAW,Home & Living
LAWN_MOWER,Home & Living
FOOD_PREPARATION_MOLD,Home & Living
MECHANICAL_COMPONENTS,Home & Living
WIRE_STRIPPER,Home & Living
SKIN_PROTECTANT,Health & Personal Care
ANCHOR_STAKE,Home & Living
ELECTRICAL_OUTLET,Home & Living
GUN_HOLSTER,Health & Personal Care
BADGE_HOLDER,Specialty Categories
CARPET_UPHOLSTERY_CLEANING_MACHINE,Home & Living
SLOW_COOKER,Home & Living
JUMP_ROPE,Health & Personal Care
CEREAL,Food & Grocery
ANIMAL_FUR_CLEANER_CONDITIONER,Specialty Categories
VACUUM_CLEANER,Home & Living
PLANNER,Specialty Categories
FISHING_EQUIPMENT,Sports & Outdoors
SHOWERHEAD,Home & Living
BLOWTORCH,Home & Living
BABY_BOTTLE,Specialty Categories
CAMERA_CONTINUOUS_LIGHT,Electronics & Media
BANNER,Gifts & Occasions
SELF_DEFENSE_SPRAY,Health & Personal Care
HONEY,Food & Grocery
INDOOR_GROW_ENCLOSURE,Home & Living
MP3_PLAYER,Electronics & Media
COMPUTER_CHASSIS,Electronics & Media
AIR_CONDITIONER,Home & Living
SUSPENDER,Fashion & Accessories
PROTEIN_DRINK,Health & Personal Care
CARABINER,Home & Living
BICYCLE_SEATPOST,Sports & Outdoors
THERAPEUTIC_THERMAL_COMPRESS,Health & Personal Care
DRY_SHAMPOO,Health & Personal Care
TEACHING_EQUIPMENT,Specialty Categories
FABRIC_APPLIQUE_PATCH,Entertainment & Hobbies
SNORKELING_SET,Sports & Outdoors
FOOD_SLICER,Home & Living
LEAF_BLOWER,Home & Living
BATH_TOY,Specialty Categories
BRASS_AND_WOODWIND_INSTRUMENTS,Entertainment & Hobbies
ENVELOPE,Specialty Categories
TOY_FIGURE_PLAYSET,Entertainment & Hobbies
CONTACT_LENS_CLEANER,Health & Personal Care
YO_YO,Entertainment & Hobbies
CRAFT_WOOD,Entertainment & Hobbies
FLATWARE,Home & Living
VEHICLE_TIRE,Specialty Categories
GRAPHIC_TABLET,Electronics & Media
TAPE_LABEL_DISPENSER,Specialty Categories
CANDLE_HOLDER,Home & Living
BICYCLE,Sports & Outdoors
JAR,Home & Living
LINT_REMOVER,Home & Living
WATER_PURIFICATION_UNIT,Home & Living
WEARABLE_WEIGHT,Health & Personal Care
SPARK_PLUG,Specialty Categories
AMAZON_TABLET,Electronics & Media
Grocery,Food & Grocery
PAPER_CLIP_CLAMP,Specialty Categories
HOOK_LOOP_FASTENER,Specialty Categories
MEMORY_CARD_READER,Electronics & Media
ELECTRONIC_FINDER,Electronics & Media
STATIONARY_BICYCLE,Health & Personal Care
BLOWER_INFLATED_DECORATION,Gifts & Occasions
SELF_STICK_NOTE,Specialty Categories
PAPER_TOWEL_HOLDER,Home & Living
COMPUTER_COMPONENT,Electronics & Media
FIRST_AID_KIT,Health & Personal Care
MOUSE_PAD,Electronics & Media
HAIR_DRYER,Health & Personal Care
PUMP_SPRAYER,Home & Living
KNIFE,Home & Living
BATHING_SPONGE,Health & Personal Care
BROOM,Home & Living
LAP_DESK,Home & Living
THREAD_CORD,Entertainment & Hobbies
TIMER,Home & Living
VIDEO_GAME_ACCESSORIES,Electronics & Media
GAS_SMOKE_FIRE_ALARM,Home & Living
DENTAL_FLOSS,Health & Personal Care
ACCESSORY_OR_PART_OR_SUPPLY,
PHONE,Electronics & Media
GUITARS,Entertainment & Hobbies
FITNESS_HOOP,Health & Personal Care
PRIME,Food & Grocery
GASKETS,Home & Living
VEHICLE_MOLDING,Specialty Categories
AUTO_BATTERY,Specialty Categories
ROBOTIC_VACUUM_CLEANER,Home & Living
MOTION_DETECTOR_DEVICE,Electronics & Media
INCENSE,Home & Living
MUSICAL_INSTRUMENT_STRING,Entertainment & Hobbies
CAMCORDER,Electronics & Media
ROWING_MACHINE,Health & Personal Care
CAPACITOR,Electronics & Media
ENGINE_AIR_FILTER,Specialty Categories
NOTEBOOK_COMPUTER,Electronics & Media
CLIPBOARD,Specialty Categories
PLAY_WORKSTATION,Entertainment & Hobbies
MOUTH_GUARD,Health & Personal Care
SQUEEZE_TOY,Entertainment & Hobbies
CELL_PHONE_HOLSTER,Electronics & Media
BICYCLE_PEDAL,Sports & Outdoors
VEHICLE_COVER,Specialty Categories
MEAL_REPLACEMENT_BEVERAGE,Food & Grocery
GREETING_CARD,Specialty Categories
PUMP_DISPENSER,Home & Living
VACUUM_SEALER_MACHINE,Home & Living
SHADE_SAIL,Home & Living
WASHERS,Home & Living
GUITAR_EFFECT_DEVICE,Entertainment & Hobbies
SHARP_PIN,Specialty Categories
PERSONAL_CARE_APPLIANCE,Health & Personal Care
CLOTHES_PIN,Home & Living
GAMES,Entertainment & Hobbies
BED_SKIRT,Home & Living
PRECISION_MEASURING,Home & Living
WALKING_STICK,Health & Personal Care
BRAKE_KIT,Specialty Categories
HAND_STRENGTHENER,Health & Personal Care
CAMERA_LENS_FILTERS,Electronics & Media
FOOD_STRAINER,Home & Living
DEHUMIDIFIER,Home & Living
SPORT_TARGET,Sports & Outdoors
ARTIFICIAL_TREE,Home & Living
SHIPPING_BOX,Home & Living
VEHICLE_INTERIOR_SHADE,Specialty Categories
NETWORK_SWITCH,Electronics & Media
CURTAIN_SWAG_HOLDER,Home & Living
RANGEFINDER,Sports & Outdoors
ELECTRIC_WATER_BOILER,Home & Living
CRIMPING_PLIERS,Home & Living
SKIN_CLEANING_BRUSH,Health & Personal Care
BARBECUE_GRILL,Home & Living
BEAN_BAG_CHAIR,Home & Living
SOAP_DISH,Home & Living
FURNITURE_FLOOR_PROTECTOR,Home & Living
TARGET_TOSSING_GAME,Entertainment & Hobbies
BUBBLE_MAKER,Entertainment & Hobbies
NUTS,Food & Grocery
PHOTOGRAPHIC_STUDIO_ITEMS,Electronics & Media
COLLAPSIBLE_PLAY_STRUCTURE,Entertainment & Hobbies
AIR_PUMP,Home & Living
ARTIFICIAL_PLANT,Home & Living
FURNITURE_COVER,Home & Living
COOKING_POT,Home & Living
DAIRY_BASED_BUTTER,Food & Grocery
COMPOST_BIN,Home & Living
JEWELRY_SET,Fashion & Accessories
UNINTERRUPTIBLE_POWER_SUPPLY,Electronics & Media
BED_RAIL,Home & Living
BATHTUB_SHOWER_MAT,Home & Living
NETWORKING_DEVICE,Electronics & Media
KNITTING_NEEDLE,Entertainment & Hobbies
SAFE,Home & Living
PHONE_ACCESSORY,Electronics & Media
INPUT_OUTPUT_CARD,Electronics & Media
PRINTER,Specialty Categories
WATER_DISPENSER,Home & Living
GUILD_JEWELRY,Fashion & Accessories
ELECTRONIC_DEVICE_COOLING_PAD,Electronics & Media
RUG_PAD,Home & Living
ANIMAL_SHELTER,Specialty Categories
IMPACT_PROTECTION_GEAR,Sports & Outdoors
ANIMAL_VITAMIN,Specialty Categories
UTILITY_CART_WAGON,Home & Living
TEMPORARY_TATTOO,Health & Personal Care
JANITORIAL_SUPPLY,Home & Living
KITCHEN_TOOLS,Home & Living
HAMMOCK,Home & Living
PANTRY,Home & Living
FOOD_SERVICE_SUPPLY,Home & Living
BATH_PILLOW,Home & Living
FOOD_SPATULA,Home & Living
KEYCAP,Electronics & Media
BUNGEE_CORD,Home & Living
CHEWING_GUM,Food & Grocery
ITEM_CONTAINER,Home & Living
MODEM,Electronics & Media
MUSCLE_ROLLER,Health & Personal Care
SLEEPWEAR,Fashion & Accessories
BAKING_CUP,Home & Living
BOTTLE_OPENER,Home & Living
PUNCHING_BAG,Health & Personal Care
REUSABLE_INCONTINENCE_SURFACE_PROTECTOR,Health & Personal Care
SEXUAL_STIMULATION_DEVICE,Health & Personal Care
PLIERS,Home & Living
NAIL_FILE,Health & Personal Care
SOLID_FIRE_FUEL,Home & Living
ELECTRIC_MOTOR,Electronics & Media
SCULPTURE,Entertainment & Hobbies
FUNNEL,Home & Living
TRIVET,Home & Living
ELASTIC_BAND,Entertainment & Hobbies
EARPLUG,Health & Personal Care
ONBOARD_CAMERA,Electronics & Media
BLUE_LIGHT_BLOCKING_EYEGLASSES,Health & Personal Care
DUFFEL_BAG,Fashion & Accessories
FURNITURE_EDGE_BUMPER,Home & Living
IGNITION_COIL,Specialty Categories
AQUARIUM_POND_WATER_TREATMENT,Specialty Categories
SHOWER_CAP,Health & Personal Care
DECORATIVE_RIBBON_TRIM,Entertainment & Hobbies
DECORATIVE_CUTOUT,Entertainment & Hobbies
WIRELESS_SIGNAL_REPEATER,Electronics & Media
GUILD_HOME,
HUMIDITY_METER,Home & Living
AUDIO_MIDI_CONTROLLER,Entertainment & Hobbies
TOILET_PAPER_HOLDER,Home & Living
SPACE_HEATER,Home & Living
NAIL_POLISH_BRUSH,Health & Personal Care
TEXTILE_DEODORIZER,Home & Living
BINDER_DIVIDER,Specialty Categories
JEWELRY,Fashion & Accessories
COUNTERTOP_BURNER,Home & Living
VEHICLE_MAT,Specialty Categories
BATHTUB_SHOWER_TRIM_KIT,Home & Living
SAFETY_SUPPLY,Health & Personal Care
CAULKS,Home & Living
SECURITY_ELECTRONICS,Electronics & Media
SCARF,Fashion & Accessories
MOISTURIZING_SOCK_GLOVE,Health & Personal Care
BODY_PAINT,Health & Personal Care
BOTTLE_STOPPER,Home & Living
SNAP_FASTENER,Entertainment & Hobbies
REFRIGERATION_APPLIANCE,Home & Living
DRAWER_SLIDE,Home & Living
TIRE_COVER,Specialty Categories
BABY_BATHTUB,Specialty Categories
ELECTROMECHANICAL_GAUGE,Home & Living
CAMERA_OTHER_ACCESSORIES,Electronics & Media
ANIMAL_RECOVERY_COLLAR_CONE,Specialty Categories
COUNTERTOP_OVEN,Home & Living
NAIL_DRILL,Health & Personal Care
FOOT_SCRAPER,Home & Living
DISPLAY_ALBUM,Specialty Categories
BIOMETRIC_MONITOR,Health & Personal Care
HARDWARE,Home & Living
VIDEO_GAME_HARDWARE,Electronics & Media
RUBBER_STAMP,Specialty Categories
DESK_PAD,Specialty Categories
APPAREL_PIN,Fashion & Accessories
DUTCH_OVENS,Home & Living
WATCH,Fashion & Accessories
BEVERAGE,Food & Grocery
STRING_TRIMMER,Home & Living
ROLLING_PIN,Home & Living
BABY_CARRIER,Specialty Categories
ELECTRONIC_LEARNING_TOY,Entertainment & Hobbies
FACE_SHAPING_MAKEUP,Health & Personal Care
HAIR_REMOVAL_AGENT,Health & Personal Care
CRAFT_HOOP_FRAME,Entertainment & Hobbies
FOOD_BIB,Specialty Categories
SOIL_TILLER_CULTIVATOR,Home & Living
FISHING_ROD_REEL_COMBO,Sports & Outdoors
NETTING_COVER,Home & Living
BEVERAGE_INSULATOR,Home & Living
LOOSE_CUT_GEM,Fashion & Accessories
CELLULAR_PHONE,Electronics & Media
COFFEE_FILTER,Home & Living
WEARABLE_COMPUTER,Electronics & Media
VEHICLE_LIGHT_ASSEMBLY,Specialty Categories
ZIPPER_FASTENER,Entertainment & Hobbies
HOSIERY,Fashion & Accessories
DAIRY_BASED_CREAM,Food & Grocery
CIGARETTE_CASE,
PLAY_SLIDE,Entertainment & Hobbies
SPOON_REST,Home & Living
TRANSFORMER,Electronics & Media
VIVARIUM,Specialty Categories
TOASTER,Home & Living
TOY_SLIME,Entertainment & Hobbies
MAGAZINES,Entertainment & Hobbies
STREAMING_MUSIC_SUBSCRIPTION,Electronics & Media
BLEACH,Home & Living
GUN_CLEANING_KIT,Sports & Outdoors
SPEAKER_AMPLIFIER_STAND,Electronics & Media
STOOL_SEATING,Home & Living
MOTHERBOARD,Electronics & Media
CURTAIN_FASTENER,Home & Living
SKEWER,Home & Living
PARTY_FAVOR,Gifts & Occasions
VEHICLE_MIRROR,Specialty Categories
FLAT_SHEET,Home & Living
FIDGET_TOY_SPINNER,Entertainment & Hobbies
AIMING_SCOPE_SIGHT,Sports & Outdoors
HANDLEBAR_GRIP,Sports & Outdoors
REINFORCED_ART_SURFACE,Entertainment & Hobbies
ORCA_SHIRT,Fashion & Accessories
BAKING_MAT,Home & Living
MEDICAL_SCRUB_SET,Health & Personal Care
ORAL_IRRIGATOR,
VACUUM_CLEANER_BAG,Home & Living
JEWELRY_STORAGE,Home & Living
ANIMAL_CARRIER,Specialty Categories
ELECTRONIC_COMPONENT_AMPLIFIER,Electronics & Media
LAMPSHADE,Home & Living
TOFU,Food & Grocery
ANTENNA,Electronics & Media
FISHING_HOOK,Sports & Outdoors
CAMERA_STAGE_LIGHTING_MODIFIER,Electronics & Media
PORTABLE_TOOL_BOX,Home & Living
VIDEO_DVD,Electronics & Media
SNOW_BLOWER,Home & Living
HOME_FURNITURE_AND_DECOR,Home & Living
TOWEL_HOLDER,Home & Living
GRILL_SMOKER_COVER,Home & Living
UTILITY_MAGNET,Home & Living
BUTTER_DISH,Home & Living
DIGITAL_DEVICE_21_ACCESSORY,Electronics & Media
FLASH_CARD,Specialty Categories
COUNTERTOP_GRIDDLE_APPLIANCE,Home & Living
SELF_TANNER,Health & Personal Care
EYEBROW_COLOR,Health & Personal Care
EYELASH_CURLER,Health & Personal Care
PRESSURE_WASHER,Home & Living
PASTRY,Food & Grocery
CABLE_OR_ADAPTER,Electronics & Media
HOLE_PUNCH,Specialty Categories
CABINET,Home & Living
PHOTOGRAPHIC_FILM,Electronics & Media
HAND_SANITIZER,Health & Personal Care
SNOW_PANT,Fashion & Accessories
PIZZA,Food & Grocery
PAPER_SHREDDER,Specialty Categories
CALCULATOR,Specialty Categories
PICTURE_HANGER,Home & Living
RAMP,Home & Living
CAN_OPENER,Home & Living
CARBURETOR,Specialty Categories
FURNITURE_SLIDER,Home & Living
ABDOMINAL_EXERCISER,Health & Personal Care
CAMERA_FILM,Electronics & Media
HUMIDIFIER,Home & Living
AMAZON_DEVICE,Electronics & Media
DRAIN_STRAINER,Home & Living
PERSONAL_COMPUTER,Electronics & Media
GARLAND,Gifts & Occasions
BABY_FORMULA,Specialty Categories
PET_SEAT,Specialty Categories
PICKLE,Food & Grocery
CAR_ELECTRONICS,Specialty Categories
TEAPOT,Home & Living
NOISE_MACHINE,Home & Living
CLINICAL_DIAGNOSTIC_TESTING_KIT,Health & Personal Care
MICROWAVE_OVEN,Home & Living
BALANCE_BOARD,Health & Personal Care
ALARM,Home & Living
CUTTING_TOOLS,Home & Living
BACKDROP,Electronics & Media
PASTA_MAKER,Home & Living
Paperback,Entertainment & Hobbies
APPENDAGE_WARMER,Fashion & Accessories
SQUEEGEE,Home & Living
WATERING_CAN,Home & Living
OVERALLS,Fashion & Accessories
MINIATURE_TOY_FURNISHING,Entertainment & Hobbies
TEA_INFUSER,Home & Living
VEHICLE_ACCENT_LIGHT,Specialty Categories
WIRE,Electronics & Media
AIR_COMPRESSOR,Home & Living
TELEVISION,Electronics & Media
SINGLE_BOARD_COMPUTER,Electronics & Media
FOOD_GLITTER_SPRINKLE,Food & Grocery
WEIGHT_PLATE,Health & Personal Care
DUST_REMOVAL_TOOL,Home & Living
ALCOHOLIC_BEVERAGE,Food & Grocery
SEASONING_MILL,Home & Living
CRAFT_BEAD,Entertainment & Hobbies
TENT,Home & Living
ART_MEDIA_PAPER,Entertainment & Hobbies
NON_DAIRY_ICE_CREAM,Food & Grocery
WEATHER_STATION,Home & Living
PHYSICAL_GIFT_CARD,Gifts & Occasions
ART_EASEL,Entertainment & Hobbies
BUCKLE,Entertainment & Hobbies
CYCLING_TIRE_TUBE,Sports & Outdoors
PACIFIER,Specialty Categories
SHEET_PAPER,Specialty Categories
LICENSE_PLATE_ATTACHMENT,Specialty Categories
FISHING_REEL,Sports & Outdoors
AV_RECEIVER,Electronics & Media
ROLLER_CHAIN,Home & Living
HARDWARE_STAPLE,Home & Living
CABLE_TIE,Electronics & Media
STEP_STOOL,Home & Living
INFANT_TODDLER_CAR_SEAT,Specialty Categories
GLOBE,Specialty Categories
CORD_ROPE,Home & Living
VEHICLE_BRAKE_PAD,Specialty Categories
GUILD_ACCESSORIES,
FOOTREST,Home & Living
SAFETY_MASK_STRAP_EXTENDER,Health & Personal Care
ELECTRONIC_BOOK_READER,Electronics & Media
EYEGLASS_CASE,Health & Personal Care
COMPUTER_PROCESSOR,Electronics & Media
SCIENCE_FUNDAMENTALS_KIT,Entertainment & Hobbies
DRAFT_STOPPER,Home & Living
RELAY,Electronics & Media
SWORD,Entertainment & Hobbies
FRESH_CUT_FLOWERS_PLANTS,Home & Living
SERVEWARE,Home & Living
PORTABLE_ELECTRONIC_DEVICE_ARMBAND,Electronics & Media
ICE_MAKER,Home & Living
PULL_UP_BAR,Health & Personal Care
TRAMPOLINE,Home & Living
HYDRATION_PACK,Sports & Outdoors
FREESTANDING_SHELTER,Home & Living
ADULT_COSTUME,Fashion & Accessories
PLECTRUM,Entertainment & Hobbies
LAMINATOR,Specialty Categories
HARDWARE_CLAMP_VISE,Home & Living
IRRIGATION_SPRINKLER,Home & Living
LEAVENING_AGENT,Food & Grocery
SEWING_TOOL_SET,Entertainment & Hobbies
CAMERA_DIGITAL,Electronics & Media
WALKER,Specialty Categories
CRAFT_EYE,Entertainment & Hobbies
DISH_DRYING_MAT,Home & Living
ICE_CHEST,Home & Living
DECORATIVE_POM_POM,Entertainment & Hobbies
SKATEBOARD,Entertainment & Hobbies
LASER_PRINTER_TONER,Specialty Categories
HARDWARE_HINGE,Home & Living
SEALANT,Home & Living
PHYSICAL_SOFTWARE,Electronics & Media
VINEGAR,Food & Grocery
COSMETIC_POWDER,Health & Personal Care
ELECTRONIC_WIRE,Electronics & Media
HAIR_CARE_PRODUCT,Health & Personal Care
BUCKET,Home & Living
COCKTAIL_SHAKER,Home & Living
FOUNTAIN,Home & Living
MEAT_ALTERNATIVE,Food & Grocery
CAMERA_ENCLOSURE,Electronics & Media
NICOTINE_REPLACEMENT,Health & Personal Care
UNMANNED_AERIAL_VEHICLE,Entertainment & Hobbies
BICYCLE_TRAILER,Sports & Outdoors
AV_FURNITURE,Home & Living
FOOD_SMOKER,Home & Living
NAIL_POLISH_REMOVER,Health & Personal Care
TELESCOPE,Specialty Categories
CARRYING_CASE_OR_BAG,Fashion & Accessories
STORAGE_DRAWER,Home & Living
POWERSPORTS_VEHICLE_PART,Specialty Categories
SYSTEM_CABINET,Electronics & Media
LUXURY_BEAUTY,Health & Personal Care
CRAFT_WRAPPING_TISSUE_PAPER,Entertainment & Hobbies
CRAFT_MOLD,Entertainment & Hobbies
FITNESS_STEPPER,Health & Personal Care
SOCKSHOSIERY,Fashion & Accessories
HOT_TUB,Home & Living
ABIS_BABY_PRODUCT,Specialty Categories
SODA_MAKER,Home & Living
TEXTILE_IRON,Home & Living
KNIFE_BLOCK,Home & Living
TURNTABLE,Electronics & Media
SHELLFISH,Food & Grocery
ELECTRICAL_DISTRIBUTION_BOARD,Electronics & Media
MUSICAL_INSTRUMENT_AMPLIFIER,Entertainment & Hobbies
WINDOW_SHADE,Home & Living
AIR_GUN_PROJECTILE,Entertainment & Hobbies
SPORT_BOARD_SKI,Sports & Outdoors
RICE_WINE,Food & Grocery
FSN_DEVICES,Electronics & Media
NECKTIE,Fashion & Accessories
FOOD_GRATER,Home & Living
VIDEO_CARD,Electronics & Media
PARTY_DECORATION_PACK,Gifts & Occasions
WRITING_PAPER,Specialty Categories
PLACEMAT,Home & Living
OUTERWEAR,Fashion & Accessories
VEHICLE_BAG,Specialty Categories
PET_DOOR,Specialty Categories
SWING,Home & Living
PASTRY_BASTING_BRUSH,Home & Living
GRIDDLE_PLATE,Home & Living
PLAYARD,Specialty Categories
VASE,Home & Living
KEYBOARD_TRAY,Specialty Categories
KNEE_PAD,Sports & Outdoors
PET_PLACEMAT,Specialty Categories
LEVEL,Home & Living
INSTALLATION_SERVICES,Home & Living
OPTICAL_DISC_DRIVE,Electronics & Media
SWIM_CAP,Sports & Outdoors
NAIL_TREATMENT,Health & Personal Care
WHISTLE,
DOORSTOP,Home & Living
Health and Beauty,Health & Personal Care
DIE_CUT_MACHINE,Entertainment & Hobbies
ELECTRIC_CIRCUIT_TESTING_DEVICE,Home & Living
WREATH,Home & Living
HARDWARE_BEARING,Home & Living
VIDEO_DISC_PLAYER,Electronics & Media
WINDING_REEL,Sports & Outdoors
MOUNTED_STORAGE_SYSTEM_KIT,Home & Living
FIRE_PIT,Home & Living
WHEEL,Specialty Categories
SWEATBAND,Sports & Outdoors
LANDLINE_PHONE,Electronics & Media
PINATA,Gifts & Occasions
HVAC_CONTROL_THERMOSTAT,Home & Living
BICYCLE_LIGHT,Sports & Outdoors
HOUSEHOLD_VARNISH,Home & Living
VIRTUAL_REALITY_HEADSET,Electronics & Media
ABRASIVE_SHEETS,Home & Living
CULINARY_MUSHROOM,Food & Grocery
STROLLER_PROTECTION_SHIELD,Specialty Categories
AUDIO_MIXING_CONSOLE,Electronics & Media
COSMETIC_SPONGE,Health & Personal Care
FURNITURE_LINER,Home & Living
TRADING_CARDS_UNGRADED_INSERTS,Entertainment & Hobbies
CAMERA_LENSES,Electronics & Media
MAGNIFIER,Specialty Categories
TOGGLE_SWITCH,Home & Living
AIR_COOLER,Home & Living
BATH_SAFETY_SEATING,Health & Personal Care
AUDIO_MIDI_INTERFACE,Entertainment & Hobbies
SOFTWARE,Electronics & Media
DOOR,Home & Living
PET_HEALTH_CARE,Specialty Categories
CORSET,Fashion & Accessories
GUILD_APPAREL,Fashion & Accessories
ART,Entertainment & Hobbies
FLOOR_COVER,Home & Living
CRIB,Specialty Categories
SEWING_MACHINE_NEEDLE,Entertainment & Hobbies
DISPOSABLE_NAPKIN,Home & Living
BOOK_COVER,Specialty Categories
STOVETOP_KETTLE,Home & Living
BICYCLE_SEAT,Sports & Outdoors
BARBELL,Health & Personal Care
WHEELCHAIR,Health & Personal Care
EYEWEAR,Fashion & Accessories
MANUAL_FOOD_MILL_GRINDER,Home & Living
LEG_SLEEVE,Fashion & Accessories
DUVET_COVER,Home & Living
THREADSEALING_ADHESIVES,Home & Living
SKIN_CARE_PRODUCT,Health & Personal Care
SEXUAL_WELLNESS,Health & Personal Care
PERSONAL_FLOTATION_DEVICE,Sports & Outdoors
MOP,Home & Living
MONEY_BANK,Home & Living
EXERCISE_STEP_PLATFORM,Health & Personal Care
ELECTRONIC_COMPONENT,Electronics & Media
VEHICLE_SCAN_TOOL,Specialty Categories
DEEP_FRYER,Home & Living
CYCLING_WHEEL,Sports & Outdoors
COOKWARE_SET,Home & Living
FIREPLACE,Home & Living
PUPPET,Entertainment & Hobbies
CONFETTI,Gifts & Occasions
GARDEN_EDGING,Home & Living
ROASTING_PAN,Home & Living
POPCORN_POPPER,Home & Living
SOLDERING_IRON,Home & Living
SPORT_TABLE_GAME,Entertainment & Hobbies
BEER,Food & Grocery
3D_PRINTER,Specialty Categories
GLUCOSE_METER,Health & Personal Care
HAMMER_MALLET,Home & Living
UNDERGARMENT_SLIP,Fashion & Accessories
SHOCK_ABSORBER,Specialty Categories
CARGO_STRAP,Specialty Categories
BAKEWARE_SET,Home & Living
CUTICLE_PUSHER,Health & Personal Care
VEHICLE_CONTROL_ARM,Specialty Categories
WIND_SPINNER,Home & Living
SOFA,Home & Living
IMMERSION_HEATER,Home & Living
FOOD_SCOOP,Home & Living
VENT_HOOD,Home & Living
TRANSPORT_RACK,Specialty Categories
TONG_UTENSIL,Home & Living
ANIMAL_MUZZLE,Specialty Categories
EXERCISE_BLOCK,Health & Personal Care
HAIR_ROLLER,Health & Personal Care
DOOR_CLOSER,Home & Living
CASSEROLES,Home & Living
TOW_HITCH,Specialty Categories
VEST,Fashion & Accessories
SKILL_APPLICATION,
BABY_JUMPER_WALKER,Specialty Categories
CYCLING_TIRE,Sports & Outdoors
JUMP_STARTER,Specialty Categories
ANIMAL_MEDICATION,Specialty Categories
VEHICLE_EXTERIOR_GUARD,Specialty Categories
WEAPON_CASE,Health & Personal Care
CAMERA_CLEANER,Electronics & Media
SOUND_CARD,Electronics & Media
ICE_CREAM_MAKER,Home & Living
KARAOKE_MACHINE,Electronics & Media
RULER,Specialty Categories
ANIMAL_STAIR,Specialty Categories
CHANGING_PAD,Specialty Categories
TECHNICAL_SPORT_SHOE,Fashion & Accessories
LIGHTED_OUTDOOR_DISPLAY,Home & Living
COMPUTER_ADD_ON,Electronics & Media
CLOTH_NAPKIN,Home & Living
POOL_COVER,Home & Living
GUN_SLING,Sports & Outdoors
SAFETY_MASK_REPLACEMENT_FILTER,Health & Personal Care
POOL_VACUUM,Home & Living
EYEGLASS_FRAME,Health & Personal Care
VEHICLE_WRAP,Specialty Categories
DISPLAY_ENCLOSURE,Electronics & Media
PAPER_PRODUCT,Specialty Categories
FUEL_PUMP,Specialty Categories
KITE,Entertainment & Hobbies
MOP_BUCKET_SET,Home & Living
SPIRITS,Food & Grocery
STRINGED_INSTRUMENTS,Entertainment & Hobbies
ABIS_VIDEO_GAMES,Electronics & Media
FISHING_NET,Sports & Outdoors
HAND_SEWING_NEEDLE,Entertainment & Hobbies
VEHICLE_RAIL,Specialty Categories
POTPOURRI_SACHET,Home & Living
END_MILLS,Home & Living
INK_OR_TONER,Specialty Categories
BASSINET,Specialty Categories
O_RINGS,Home & Living
DRESSER,Home & Living
BOLTS,Home & Living
LIQUID_FUEL_CONTAINER,Home & Living
PAW_HOOF_PROTECTOR,Specialty Categories
DIGITAL_PICTURE_FRAME,Electronics & Media
POWERSPORT_VEHICLE_FOOTREST,Specialty Categories
LIGHT_BULB_SOCKET,Home & Living
MASSAGE_STICK,Health & Personal Care
KICK_SCOOTER,Entertainment & Hobbies
PORTABLE_STOVE,Home & Living
ELECTRICITY_GENERATOR,Home & Living
BRA_UNDERWEAR_SET,Fashion & Accessories
MEDIA_STORAGE,Electronics & Media
TOW_HITCH_LOCK,Specialty Categories
TONNEAU_COVER,Specialty Categories
PIPING_TIP,Home & Living
BISS,Food & Grocery
PICNIC_HOLDER,Home & Living
FACIAL_STEAMER,Health & Personal Care
STORAGE_COVER,Home & Living
MECHANICAL_BELT,Home & Living
FOOD_OR_BEVERAGE_WARMER,Home & Living
FURNITURE_CART,Home & Living
AMAZON_BOOK_READER_ACCESSORY,Electronics & Media
ELECTRONIC_DEVICE_DOCKING_STATION,Electronics & Media
TWO_WAY_RADIO,Electronics & Media
WINE,Food & Grocery
ABIS_LAWN_AND_GARDEN,Home & Living
IRON_ON_TRANSFER_DESIGN,Entertainment & Hobbies
DIGITAL_DEVICE_4_ACCESSORY,Electronics & Media
SALAD_SPINNER,Home & Living
FACIAL_TISSUE_HOLDER,Home & Living
TRADING_CARDS_FACTORY_SEALED,Entertainment & Hobbies
CHEMICAL_TEST_STRIP,Specialty Categories
MICROCURRENT_FACIAL_MACHINE,Health & Personal Care
BICYCLE_BELL,Sports & Outdoors
COLLECTIBLE_COINS,Entertainment & Hobbies
SPINNING_TOY_TOP,Entertainment & Hobbies
FENCE_PANEL,Home & Living
CLOTHES_RACK,Home & Living
ELECTRONIC_SIGNAL_CONVERTER,Electronics & Media
GUILD_SHOES,Fashion & Accessories
STROLLER,Specialty Categories
UNION_SUIT,Fashion & Accessories
PROJECTILE_BOW,Sports & Outdoors
BABY_RATTLE,Specialty Categories
SALWAR_SUIT_SET,Fashion & Accessories
DRYER,Home & Living
SUSPENSION_LIFT_SUPPORT,Specialty Categories
PROTECTED_COLLECTION,
TARP,Home & Living
CHISEL,Home & Living
SLEEPING_BAG,Home & Living
POWER_INVERTER,Electronics & Media
PET_FUR_DEODORIZER,Specialty Categories
HOME_ORGANIZERS_AND_STORAGE,Home & Living
HAIR_REMOVAL_AND_SHAVING_PRODUCT,Health & Personal Care
KAYAK,Sports & Outdoors
HOPPING_TOY,Entertainment & Hobbies
SPLASH_POOL,Home & Living
CLIMBING_PLANT_SUPPORT_STRUCTURE,Home & Living
HARDWARE_PIN,Home & Living
BATHROOM_CONTAINER_SET,Home & Living
FOOD_MASHER,Home & Living
HANDRAIL,Home & Living
SHOE_BAG,Fashion & Accessories
ABIS_KITCHEN,Home & Living
ENGINE_COMPONENT_CAP,Specialty Categories
FISHING_LINE,Sports & Outdoors
EDUCATIONAL_SUPPLIES,Specialty Categories
SLEEPING_MAT,Home & Living
KETTLEBELL,Health & Personal Care
FASHIONNECKLACEBRACELETANKLET,Fashion & Accessories
STETHOSCOPE,Health & Personal Care
FASHIONEARRING,Fashion & Accessories
SHOE_TREE,Fashion & Accessories
ABRASIVE_BRUSH,Home & Living
GPS_OR_NAVIGATION_SYSTEM,Electronics & Media
WEIGHTLIFTING_BELT,Health & Personal Care
MANNEQUIN_CLOTHING_FORM,Entertainment & Hobbies
GARDEN_TOOL_SET,Home & Living
PLAYHOUSE,Entertainment & Hobbies
SAW_BLADE,Home & Living
VEHICLE_BUMPER,Specialty Categories
FLEXIBLE_MAGNET,Specialty Categories
TERMINAL_BLOCK,Electronics & Media
CABLE_ASSEMBLY,Electronics & Media
GARMENT_PROTECTOR_COVER,Home & Living
HELMET,Sports & Outdoors
SPORT_GOAL,Sports & Outdoors
VEHICLE_SAFETY_CAMERA,Specialty Categories
TABLE_RUNNER,Home & Living
VEHICLE_LIGHTING_CONVERSION_KIT,Specialty Categories
PORTABLE_AUDIO,Electronics & Media
EXERCISE_STRAP,Health & Personal Care
EXERCISE_MACHINE,Health & Personal Care
VIDEO_GAME_PERIPHERAL_SET,Electronics & Media
BAR_TOOL_SET,Home & Living
ROOM_DIVIDER,Home & Living
BABY_FOOD,Specialty Categories
AIR_GUN,Entertainment & Hobbies
MORTAR_AND_PESTLE_SET,Home & Living
BED_CURTAIN,Home & Living
ENTERTAINMENT_MEMORABILIA,Entertainment & Hobbies
SNOW_GLOBE,Home & Living
SANDBOX,Home & Living
SCANNER,Specialty Categories
SPORT_MITT,Sports & Outdoors
NON_DAIRY_CHEESE,Food & Grocery
SMOKING_PIPE,
SLED,Entertainment & Hobbies
MARBLE_TRACK,Entertainment & Hobbies
CHAIR_MAT,Home & Living
NASAL_ASPIRATOR,Specialty Categories
LIGHT_SOURCE,Electronics & Media
CORE_PIT_REMOVER,Home & Living
SPORT_NET,Sports & Outdoors
SURVEILANCE_SYSTEMS,Electronics & Media
PRESSER_FOOT,Fashion & Accessories
ENGINE_WATER_PUMP,Specialty Categories
LADDER,Home & Living
WASHER,Home & Living
VOICE_RECORDER,Electronics & Media
BLANK_MEDIA,Electronics & Media
PRELOADED_ELECTRONIC_GAME,Electronics & Media
ELECTRIC_LANTERN,Home & Living
RANGE,Home & Living
ADHESIVES_AND_SEALANTS,Home & Living
BRAKE_ROTOR,Specialty Categories
HARDWARE_PLANER,Home & Living
SELF_BALANCING_ELECTRIC_VEHICLE,Entertainment & Hobbies
Video Game,Electronics & Media
MOTOR_ENGINE_FUEL_TANK,Specialty Categories
SPORT_RACKET,Sports & Outdoors
ARM_SLEEVE,Fashion & Accessories
NAVIGATION_COMPASS,Sports & Outdoors
AXE,Home & Living
TOOL_BELT,Home & Living
INTEGRATED_STEREO_SYSTEM,Electronics & Media
INDUSTRIAL_WHEELS,Home & Living
LIGHT_BOX,Electronics & Media
BAKING_STONE,Home & Living
FUEL_FILTER,Specialty Categories
CAPO,Entertainment & Hobbies
LOCATION_TRACKER,Electronics & Media
FAUCET_WATER_AERATOR,Home & Living
SMALL_HOME_APPLIANCES,Home & Living
COSTUME_EYEWEAR,Fashion & Accessories
URN,Home & Living
BLANK_STORAGE_MEDIA,Electronics & Media
WATER_HEATER,Home & Living
NAIL_DRYER,Health & Personal Care
CONTROLLER,Electronics & Media
FASHIONOTHER,Fashion & Accessories
CHANGING_PAD_COVER,Specialty Categories
KEYBOARD_INSTRUMENTS,Entertainment & Hobbies
BALL_LAUNCHER,Sports & Outdoors
EPILATOR,Health & Personal Care
BOTTLE_NIPPLE,Specialty Categories
OLIVE,Food & Grocery
FITNESS_BENCH,Health & Personal Care
UTILITY_JACK,Specialty Categories
DIGITAL_DEVICE_12_ACCESSORY,Electronics & Media
SINK,Home & Living
ELLIPTICAL_TRAINER,Health & Personal Care
BENCH,Home & Living
DISHWASHER,Home & Living
NETWORK_ACCESSORY,Electronics & Media
SPORT_BAT,Sports & Outdoors
LAUNDRY_APPLIANCE,Home & Living
Ecard Gift Certificate,Gifts & Occasions
KURTA,Fashion & Accessories
TRASH_COMPACTOR,Home & Living
DARTBOARD,Entertainment & Hobbies
SOUS_VIDE_MACHINE,Home & Living
ROTARY_TOOL,Home & Living
MAPS,Entertainment & Hobbies
FLAME_WICK,Home & Living
DIVE_MASK,Sports & Outdoors
TEMPORARY_HANGER_HOOK,Home & Living
FISHING_ROD,Sports & Outdoors
INFLATABLE_BOUNCER,Entertainment & Hobbies
BOTTLE_RACK,Home & Living
BICYCLE_BASKET,Sports & Outdoors
DINNERWARE,Home & Living
PORTABLE_ELECTRONICS,Electronics & Media
AWNING,Home & Living
STRENGTH_TRAINING_MACHINE,Health & Personal Care
CIRCUIT_BREAKER,Electronics & Media
MAKEUP_VANITY,Home & Living
BASKETBALL_HOOP,Sports & Outdoors
MOTORCYCLE_ACCESSORY,Specialty Categories
TUNER,Entertainment & Hobbies
MOTOR_STARTER,Specialty Categories
FACE_SHIELD,Health & Personal Care
TOPICALS,Health & Personal Care
GRAVITY_BEVERAGE_DISPENSER,Home & Living
FLASK,Home & Living
AUDIO_CD_PLAYER,Electronics & Media
BED_SLATS,Home & Living
TOILET,Home & Living
TV_TUNER_CARD,Electronics & Media
EYEGLASS_REPAIR_KIT,Health & Personal Care
TREE_TOPPER,Home & Living
TRAILER_HITCH_COVER,Specialty Categories
TOY_MODEL_VEHICLE_TRACK,Entertainment & Hobbies
HOT_GLUE_GUN,Home & Living
OTC_MEDICATION,Health & Personal Care
DISC_GRINDER_TOOL,Home & Living
DRIP_IRRIGATION_KIT,Home & Living
SWIMMING_POOL,Home & Living
TOY_STROLLER,Entertainment & Hobbies
COOKTOP,Home & Living
TREADMILL,Health & Personal Care
METAL_DETECTOR,Home & Living
BED_LINEN,Home & Living
WEBCAM,Electronics & Media
ELECTRONIC_DEVICE_FACEPLATE,Electronics & Media
GOURMET_FOOD,Food & Grocery
SECURITY_SYSTEM,Home & Living
COOLING_RACK,Home & Living
PORTABLE_FREESTANDING_SHELTER,Home & Living
RECIPROCATING_HEDGE_TRIMMER,Home & Living
DOWNLOADABLE_SOFTWARE,Electronics & Media
CLEANING_PRODUCT,Home & Living
ELECTRICAL_HOUSING,Home & Living
POWER_TOOL_SET,Home & Living
ROUTER_BIT,Home & Living
NAPKIN_HOLDER,Home & Living
PROJECTION_SCREEN,Electronics & Media
GARMENT_STEAMER,Home & Living
INDUSTRIAL_HOSE,Home & Living
CAMERA_FLASH,Electronics & Media
COIN_PURSE_POUCH,Fashion & Accessories
SNOWSHOE,Sports & Outdoors
SPORT_WETSUIT,Sports & Outdoors
PLASTIC_TUBING,Home & Living
POWER_SUPPLIES_OR_PROTECTION,Electronics & Media
DAILY_LIVING_AIDS,Health & Personal Care
TRADING_CARDS_CARDS_SETS,Entertainment & Hobbies
FOOD_DEHYDRATOR,Home & Living
GPS_OR_NAVIGATION_ACCESSORY,Electronics & Media
BAKEWARE,Home & Living
HEAT_PRESS,Entertainment & Hobbies
GOLF_CLUB_COVER,Sports & Outdoors
OUTBUILDING,Home & Living
MATERIAL_HANDLING,Home & Living
DOWNLOADABLE_TV_SEASON,Electronics & Media
GIFTS_AND_OCCASIONS,Gifts & Occasions
CALISTHENICS_STAND,Health & Personal Care
VEHICLE_LIFT_KIT,Specialty Categories
MISC_OTHER,
BAG,Fashion & Accessories
SAFETY_HARNESS,Health & Personal Care
HANDLEBAR,Sports & Outdoors
CONSUMER_SERVICES_SUBSCRIPTION,Electronics & Media
GREENHOUSE,Home & Living
CYCLING_COMPUTER,Sports & Outdoors
KIMONO,Fashion & Accessories
SPORTS_MEMORABILIA,Entertainment & Hobbies
TIRES,Specialty Categories
FLEXIBLE_COUPLINGS,Home & Living
MUFFLER,Specialty Categories
WEIGHT_RACK,Health & Personal Care
CYCLING_EQUIPMENT,Sports & Outdoors
SNOWBOARD_BOOT,Sports & Outdoors
DART_FLIGHT,Entertainment & Hobbies
CHOLI,Fashion & Accessories
FINERING,Fashion & Accessories
BICYCLE_CARGO_RACK,Sports & Outdoors
CHAINSAW,Home & Living
HOOKAH,
GROMMETS,Entertainment & Hobbies
CAMERA_STAGE_LIGHTING_FILTER_DIFFUSER,Electronics & Media
BICYCLE_BRAKE_PAD,Sports & Outdoors
ABIS_DRUGSTORE,Health & Personal Care
VEHICLE_HORN,Specialty Categories
Misc.,
OUTBOARD_MOTOR,Specialty Categories
CAMERA,Electronics & Media
COMPUTER_INPUT_DEVICE_ACCESSORY,Electronics & Media
BATTERY_CHARGER_OR_TESTER,Electronics & Media
ABIS_ELECTRONICS,Electronics & Media
COSTUME,Fashion & Accessories
PERCUSSION_INSTRUMENTS,Entertainment & Hobbies
SNOW_CHAIN,Specialty Categories
CARD_SHUFFLER,Entertainment & Hobbies
STEERING_WHEEL,Specialty Categories
LUGGAGE,Fashion & Accessories
SHARPS_DISPOSAL_CONTAINER,Health & Personal Care
BLOOD_LANCET,Health & Personal Care
HEADBOARD,Home & Living
TOOL_CHUCK,Home & Living
VEHICLE_SEAT,Specialty Categories
VEHICLE_EMBLEM,Specialty Categories
CISTERN,Home & Living
POWER_SUPPLY,Electronics & Media
ABIS_EBOOKS,Entertainment & Hobbies
POLISHING_BUFFING_TOOL,Home & Living
VEHICLE_BODY_PANEL,Specialty Categories
GUILD_TOYS_AND_GAMES,Entertainment & Hobbies
CUTLERY,Home & Living
DRIED_PLANT,Home & Living
MOBILE_APPLICATION,Electronics & Media
MODEL,Entertainment & Hobbies
EDIBLE_OIL_ANIMAL,Food & Grocery
HEATING_STOVE,Home & Living
AUTOMOTIVE_HELMET,Specialty Categories
VIDEO_GAME,Electronics & Media
SHOE_POLISH,Fashion & Accessories
BREAD_MAKING_MACHINE,Home & Living
PUSH_PULL_TOY,Entertainment & Hobbies
ENGINE_EXHAUST_PIPE,Specialty Categories
AUDIO_OR_VIDEO,Electronics & Media
RAKE,Home & Living
SCREW_GUN,Home & Living
VEHICLE_CARGO_CARRIER,Specialty Categories
CAR_ALARM,Specialty Categories
BED,Home & Living
PRINTS_AND_POSTERS,Home & Living
SURVEILLANCE_RECORDER_SYSTEM,Electronics & Media
FASHIONRING,Fashion & Accessories
GREASE_GUN,Home & Living
MAILBOX,Home & Living
SOLDERING_STATION,Home & Living
MACHINE_THREADING_TOOL,Home & Living
FREEZER,Home & Living
SPROCKETS,Home & Living
ABIS_TOY,Entertainment & Hobbies
MUSIC_POPULAR,Electronics & Media
LIGHTER_FLUID,
DIGITAL_DEVICE_7,Electronics & Media
STREAMING_VIDEO_SUBSCRIPTION,Electronics & Media
HANDLE_GRIP,Home & Living
ETHNIC_WEAR,Fashion & Accessories
PA_SYSTEM,Electronics & Media
GUN_SUPPORT,Sports & Outdoors
MESS_KIT,Home & Living
HUBCAP_WHEEL_COVER,Specialty Categories
WORKBENCH,Home & Living
SNOWSUIT,Fashion & Accessories
SEAFOOD,Food & Grocery
HEARING_AMPLIFIER,Health & Personal Care
CLEANING_WIPE_DISPENSER,Home & Living
GUILD_PET_SUPPLIES,Specialty Categories
BOOK,Entertainment & Hobbies
CONSUMABLES_EMAIL_GIFT_CARD,Gifts & Occasions
SPORT_BINDING,Sports & Outdoors
WIRELESS_DEVICE,Electronics & Media
COMPUTER_VIDEO_GAME_CONTOLLER,Electronics & Media
PORTABLE_AV_DEVICE,Electronics & Media
METAL_TUBING,Home & Living
BOX_SPRING,Home & Living
HEAT_TRANSFER_MATERIAL,Entertainment & Hobbies
HOT_MELT,Entertainment & Hobbies
RAM_MEMORY,Electronics & Media
HARDWARE_NAIL,Home & Living
BATHTUB,Home & Living
DONUT,Food & Grocery
APPLIANCE_ACCESSORY,Home & Living
INTERCONNECT,Electronics & Media
GIFT_XXRD,Gifts & Occasions
FUEL_LAMP,Home & Living
PHOTOGRAPHIC_LIGHT_METER,Electronics & Media
TRANSISTOR,Electronics & Media
LETTER_OPENER,Specialty Categories
PADDLEBOARD,Sports & Outdoors
DIGITAL_VIDEO_RECORDER,Electronics & Media
FISHING_ROD_HOLDER,Sports & Outdoors
SOFTWARE_GAMES,Electronics & Media
ELECTRONIC_CIGARETTE_LIQUID,Health & Personal Care
HAND_FAN,Home & Living
Tools & Home Improvement,Home & Living
BICYCLE_TRAINER,Sports & Outdoors
TRAVEL_GARMENT_BAG,Fashion & Accessories
NON_DAIRY_PUDDING,Food & Grocery
NAPKIN_RING,Home & Living
Apparel,Fashion & Accessories
CUFF_LINK,Fashion & Accessories
MEMORY_READER,Electronics & Media
Electronics,Electronics & Media
ROUTER_POWER_TOOL,Home & Living
CORRECTION_MATERIAL,Specialty Categories
VIDEO_VHS,Electronics & Media
ABIS_SPORTS,Sports & Outdoors
FITNESS_EQUIPMENT,Health & Personal Care
VEHICLE_GRILLE,Specialty Categories
FUEL_INJECTOR,Specialty Categories
STORE_FIXTURES_AND_EQUIPMENT,
FINENECKLACEBRACELETANKLET,Fashion & Accessories
KINDLE_UNLIMITED_MEMBERSHIP,Entertainment & Hobbies
HOME_ENTERTAINMENT_SERVICES,
CHILDRENS_COSTUME,Fashion & Accessories
VEHICLE_WINDOW,Specialty Categories
GUILD_BEAUTY_GROOMING,Health & Personal Care
CAR_AUDIO_OR_THEATER,Specialty Categories
GARBAGE_DISPOSAL_UNIT,Home & Living
FISHING_WEIGHT,Sports & Outdoors
NON_DAIRY_YOGURT,Food & Grocery
Toy,Entertainment & Hobbies
GUN_GRIP,Sports & Outdoors
LCD_GRAPHIC_DISPLAY,Electronics & Media
SHAVING_BRUSH,Health & Personal Care
ARTIFICIAL_SNOW,Home & Living
CAMPING_EQUIPMENT,Home & Living
GOLF_CLUB_BAG,Sports & Outdoors
THREADED_RODS_AND_STUDS,Home & Living
ABIS_HOME,Home & Living
TOW_SPORTS_LINE,Sports & Outdoors
BEARINGS_AND_BUSHINGS,Home & Living
CONTACT_LENSES,Health & Personal Care
CARPETING,Home & Living
VCR,Electronics & Media